feature,importance
Spider Type,0.09778710148058255
Phase Angle,0.1787232943958699
Degree,0.1653331619117176
Flow Position,0.14629942715129612
Laplacian PE,0.044883642324576964
Gate Type,0.1741769302659399
Edge Type,0.13095298467793223
Attention Weights,0.06184345779208471
