{
  "hidden_shift_768": {
    "steps": 50,
    "initial_tcount": 3072,
    "tcount_history": [
      3072.0,
      3072.0,
      3072.0,
      3072.0,
      3072.0,
      3058.989565764972,
      2775.9952485927442,
      2805.929107948531,
      2489.8450229709133,
      2869.6614538464282,
      2431.9225868221047,
      2766.986594055629,
      2580.8537662741164,
      2709.898794314643,
      2604.4520373777077,
      2553.979140053513,
      2655.034092833928,
      2363.649261585519,
      2492.7922158267675,
      2550.185264036125,
      2372.366009618468,
      2395.9105183627735,
      2557.392165176289,
      2301.433556372854,
      2373.2400063934265,
      2360.82954810144,
      2449.6179406131137,
      2533.858252320843,
      2405.270984190022,
      2463.1927357714258,
      2382.9477516358147,
      2465.2036205524228,
      2396.226621448504,
      2354.680018410742,
      2497.331630481713,
      2400.7962367397904,
      2457.8704619905943,
      2569.738006896613,
      2381.14152413003,
      2299.07106100144,
      2365.2731211044097,
      2520.5964514892785,
      2396.7927174162182,
      2403.629991066721,
      2310.587490808616,
      2201.5371820106307,
      2334.812971448295,
      2149.0642483258443,
      2275.9256174963393,
      2070.3180711772993
    ],
    "reward_history": [
      7.011125821085456,
      3.4637785187721644,
      0.10489433730159639,
      0.0,
      0.0,
      6.233271293201122,
      5.7053310145110725,
      5.576320296194767,
      7.128414540467913,
      0.0,
      0.0,
      1.7476596811836644,
      4.441451233349969,
      2.0041362666511207,
      0.4810550343849136,
      4.161628874592634,
      0.0,
      1.5134414032283856,
      6.307331628171077,
      12.122935742201609,
      11.524638835000559,
      11.110446987151366,
      3.6428795980628275,
      0.04178533499654957,
      0.0,
      0.0,
      4.777463174088716,
      10.93000469496256,
      0.0,
      11.45468928670854,
      7.579242921975127,
      0.0,
      12.53607710694779,
      0.0,
      7.7136924899220665,
      0.0,
      7.264211767377201,
      0.0,
      0.0,
      0.0,
      10.929557789502681,
      3.780349047440228,
      9.135117795783266,
      0.0,
      0.0,
      15.80796827745098,
      0.0,
      8.776693819685033,
      0.0,
      4.598689750210477
    ],
    "final_tcount": 2070,
    "improvement": 0.32606833620530623,
    "improvement_percent": 32.60683362053062
  },
  "qaoa_127": {
    "steps": 50,
    "initial_tcount": 508,
    "tcount_history": [
      494.6658069524191,
      508.0,
      483.61974624906435,
      481.19852709150075,
      490.1209953544659,
      478.4357724759469,
      432.2202308511606,
      456.18837519147615,
      465.2771389125133,
      445.1817383207986,
      459.3910992585242,
      458.30661631715725,
      434.22244332009234,
      478.5530631228329,
      447.1260070633006,
      429.82158969407885,
      424.3428895855857,
      455.02114777377295,
      453.4158190626449,
      420.2254456271407,
      413.8228073913247,
      430.8868816050457,
      430.7795764655278,
      406.85794274508885,
      416.2119699301016,
      423.8902257072812,
      412.8176790896948,
      424.4920982782837,
      411.4794903359352,
      416.642044833074,
      405.68733920951695,
      390.24514541119305,
      381.1100577350038,
      381.327054778553,
      421.72378919859085,
      412.1327747157811,
      399.85130439165033,
      365.6097656908748,
      427.1694645499966,
      408.47980412078294,
      416.7904547060683,
      399.31730215975256,
      414.3487998515496,
      382.38063379304003,
      408.9180912627094,
      380.0049694441149,
      404.78426728182825,
      398.4868273455524,
      395.37266515373074,
      406.56289531278645
    ],
    "reward_history": [
      1.5862888413588059,
      1.7683905870492826,
      6.145144994382428,
      3.495109805147187,
      0.0,
      9.05872473211188,
      6.023098852242832,
      1.091695470202025,
      0.0,
      0.0,
      7.839673446063726,
      5.709695822415343,
      1.6086653858422004,
      0.519937684231643,
      0.0,
      2.9576706568398836,
      5.949522056182228,
      0.18847234543015534,
      12.748950214567346,
      3.4282667724219062,
      2.7196706115801694,
      2.7592408049323662,
      0.0,
      5.701313906483817,
      0.0,
      12.682143309356313,
      9.945159916374237,
      2.9877329226230382,
      0.975206491175213,
      0.138413849844925,
      0.5407201487575901,
      7.3728443707997915,
      4.293175763303012,
      10.480851703485921,
      1.030927853057269,
      15.14979092366357,
      9.485179903096547,
      14.13565517981467,
      8.33210554811426,
      4.63065118656465,
      1.0497620950910251,
      3.9879172156118354,
      0.20270627343704106,
      1.6154003918921922,
      0.0,
      7.771005974922486,
      7.124958333699322,
      3.161650035349384,
      0.0,
      2.483546266309217
    ],
    "final_tcount": 406,
    "improvement": 0.19967933993545975,
    "improvement_percent": 19.967933993545977
  },
  "mod5_128": {
    "steps": 50,
    "initial_tcount": 512,
    "tcount_history": [
      505.21702224279636,
      512.0,
      482.9164976274161,
      506.03721162875917,
      477.39565106509656,
      502.650817328976,
      498.7897950867107,
      469.1986309771034,
      477.8459791142514,
      482.34225923010916,
      455.8077959178409,
      470.81373339488755,
      445.9315808243414,
      465.7812391839876,
      440.1740325652538,
      445.9103128037371,
      468.02458950680796,
      452.9923325919245,
      443.4097836983853,
      456.13334706983176,
      449.49675901033476,
      435.8624785732313,
      448.53281986646726,
      436.78875500898437,
      441.5274848095378,
      437.6184183462571,
      438.2091213666448,
      434.9258200361744,
      428.04684194170534,
      422.76228156608056,
      436.94489478394115,
      436.5398772611602,
      443.3441092594975,
      428.3385690508677,
      438.89732986802954,
      448.1159502272496,
      447.4665364529891,
      425.5395746515564,
      432.49841271758737,
      428.6354158736355,
      432.05241248444787,
      428.4842168621472,
      432.23894612519877,
      416.5187975664684,
      424.5954040068695,
      428.1350480894739,
      414.2980017353987,
      429.82898520064157,
      435.7384545280823,
      420.11928147972776
    ],
    "reward_history": [
      5.620272876035272,
      2.1374196289149197,
      1.0577575324666428,
      0.0,
      1.282832154293298,
      0.0,
      0.29806392779873064,
      0.0,
      0.0,
      0.0,
      5.920403431268726,
      4.683789852867013,
      1.6556343717571926,
      3.3303025084570574,
      0.0,
      10.886967614866844,
      6.959093309072572,
      7.584308502293014,
      4.873105571692452,
      0.0,
      0.0,
      0.0,
      3.8407827080354444,
      0.9701386590551975,
      2.4065610483613256,
      9.725319638138266,
      0.0,
      10.669722325763775,
      10.383901386272274,
      2.576518617974241,
      0.0,
      0.0,
      3.4416092301275776,
      0.4406771152242599,
      9.803810646107339,
      11.88099040463782,
      5.998190808497907,
      7.869718295671232,
      7.552339095809078,
      12.52677472341503,
      4.759166020399347,
      0.0,
      3.975988397352766,
      1.2491720404129252,
      2.1668511256873932,
      11.51495437801995,
      0.0,
      7.369568781740747,
      4.247228890149074,
      8.484803603579248
    ],
    "final_tcount": 420,
    "improvement": 0.17945452835990672,
    "improvement_percent": 17.94545283599067
  },
  "arithmetic_100": {
    "steps": 50,
    "initial_tcount": 250,